{
	"description": "项目配置文件。",
	"setting": {
		"urlCheck": true,
		"es6": true,
		"postcss": true,
		"minified": true,
		"newFeature": true
	},
	"compileType": "miniprogram",
	"libVersion": "1.7.0",
	"appid": "wx85dbd2d1fa2a8465",
	"projectname": "WeiXinApp",
	"condition": {
		"search": {
			"current": -1,
			"list": []
		},
		"conversation": {
			"current": -1,
			"list": []
		},
		"miniprogram": {
			"current": -1,
			"list": [
				{
					"id": 0,
					"name": "单页调试",
					"pathName": "pages/shopList/shopList",
					"query": ""
				}
			]
		}
	}
}